0x49E496821Ce65152A545B363f01d42Df56b31a47,10
0xC381C44F2a5db043269F6859E21bE927372548c3,10
0xB4F636737Abc0F8d04Bc32bc0A920AbF8d56cEe9,10
0xeD54869873A58df27D5Fa6BDBC39CffA38e6740d,10
0x36f2deE32ee922E600FA2e691303c4008b68cACE,10
0xB0920227B49a43EC7259bF070a1fC3E52c56084D,10
0x08d3B5333384c432E9115D0CCdB672adb8f3378d,10
0x36EE2bC3A3946AD24e88f1c8faF76520Ce7382fb,10
0x0606bc4e4DC0Aea7A321fa95bB07a0aeacAbA794,10
0x9f8d6Acc821F0de7F6Bdcc473f1BD0D65Da8556b,10
0x7a78a7F845bc2Aa46Ee24790b79158Eeed56C871,10
0x6dBB8109B561F87DB656C918C86b51Da0661956D,10
0x34d4075D46291e0B5C673cC58a96a6602e94ce08,10
0xf17668Ff22c63E63475D5f7DbDf7585D51E52c76,10
0xF92Db1Ae15506324F66717defA0f84De8Fac5b0e,10
0xa344C1401D8fdEC5F842E07a488006c6ec6A26b9,10
0x807b755d5374769dD5282a05ebAcA84CA70aF607,10
0xBCf04FbE4d64645a041a5539320475BeDF9150a7,10
0x20bA9d5D18bC0D0CECa75D670184D134b3B2337c,10
0xd58891152E0F481dB854722a564D0aa9A7f22Ba4,10
0x2Fe09e93aCbB8B0dA86C394335b8A92d3f5E273e,10
0x380513E6C35180c285aEB33842110d43C7b8c844,10
0xB5d6CdEc20963882A0d3DEF5a60AfD3223eC48c4,10
0x21382382af219F8b50d728489472242222396Ce3,10
0xD5E0eF8a3Bb592dc9C72e5aF9c1072dF48eb049f,10
0xe6a2ea81b45d2bDFBF763339Cae6315856D71589,10
0xC381C44F2a5db043269F6859E21bE927372548c3,10
0xF30d9c2D612B4e2028EEDd87E0DABfA88079F35f,10
0xD922Cda1F84e1FdB1F08e2f41ECaF08229965ad0,10
0x83E7322328d902940c490634396860d875E448C2,10
0x9b8c55E8f77618013fBA3Aca621E128593d8b96d,10
0x8bD8b6d135925b4A51F86324AC78361f12064606,10
0xb29fC57A24fB71BC9ef194Ef4dD7461F22366a43,10
0xfc0409d6ba7B670Cfa8bd5B55577106534350626,10
0xCFeD01b111deaCa96d9595F9530fFf2722E77E43,10
0xd2cbB2EfC68c8F7819807EAe033CD5c84Af8e235,10
0x88896886F994dEf40213EA82af840c32B8b1942c,10
0x82047363d3Fe054DFb6B9c8aF689090fCD822527,10
0x9DEC4b2816eAa9A3793a634f0ad046bAE8a4c12d,10
0x9b30264b825c35DDba05b50dDf9cE4706776CB20,10
0x4f0561ef71104275Ba0e98ea6a5a05a39c36885c,10
0xC57b1f6d9b66d528aF1cD2D0a7a2FFA389CD3A10,10
0x11ef37503e79b092a6B33EF55EBf6b08f9511Fed,10
0xd099CD21055BE0De9EfefADe7BFB5Acb3d74C7a4,10
0x55A77770FbB3FB0F74E16790A6d30986a40D3095,10
0x6dceFd396A949a75B3a646B608EDDC7c325b818D,10
0xa7A0d4b3f8c2fFD7535f224E55F568DB623C5B47,10
0x07cE5Db5F75E58d657926B636b9aD3e3869C91B4,10
0xB6e531870b35e468138047f15E98C20AB8a83e6c,10
0x19FD837ab61844684e6f5cB1CE5044e9cEf8Da10,10
0xF508c2be6C8b5f10a6ea4637332EC9E3270A6fD0,10
0xEe14618D37410DBcbA1ea5F999B76420C51d5194,10
0x23d956C1608993222C2032e1fC97796A82632445,10
0x8818bacF59c76cb99892887812bd2c2b34d243A4,10
0x83771c019a51462a3407C54345A02Dc8c6A85108,10
0x7dF6c061C4BA0bA7ab4F143E1f51AD080E7890b4,10
0xa50FF6aD20aDC10998e33F52b63d71f26C34874A,10
0x3B0fD40DD4a6360bDB52f40F8E4C044CD6AfdbCf,10
0x32ECBCbaBaE00325B7F286427716ecA0BeDDA547,10
0x9Fd46E6baC7764732411fBBE42f4FF209b750E87,10
0x6b5033404d40fDcEaAA843CFdE12EADD5FbFF0bb,10
0x7b65E9a5C8f5B788D487A227039c8Dc51bFf6e33,10
0x603a59c8e44bba7635FB8BEA59EaB53106865d89,10
0x6c0dd723C097425FA56474920385caC75FE02AC7,10
0xE10985548E2B45724F2304428FB0B8f644C45206,10
0xB2Bf09b4451926e39D81Ff82C34fB1f30Ef310eF,10
0xBec7d8Dd8F5B917FE82BE1A6B657C32808693D95,10
0x1D98Cdc299253Aa43d4806AD6D46205ded44bC4e,10
0x2df88836C8f262f20B5DC7f29A7ff2d2cA2f2D3B,10
0x71004384C6dC48bc125Cc639D9e3aed90f8fb335,10
0xddFD07Ee29bE6459876d24Bfc1bFd9fd6FAe11D2,10
0x71164d7e34b9e0290E9ef77177d27E32E8beB711,10
0xb1eDca52a6eafb287E591bbDCEeA3D5aeb886497,10
0x59DF783827f9a7CC109d5D7A133D47Af654C36f6,10
0xDDffE03665d437D2a247C7eAE9E55fBD53B0bFd6,10
0x7aa7143d4255f6e8e3942f532BC9f6834FCf2729,10
0x4b4c2C5ab96C83110b46ec51714997709eF81B86,10
0xBa7b111F469d49d6ff9F08b48bA5BAEE5581A187,10
0xfB7C059faBc50876cBd5c8eFca47c779F0B2984D,10
0x9113bF8e8cFDBF03973aC33a4579a349Fad7770c,10
0xBE77e495A6C890D651713f004E5e577e68385498,10
0x7446765f950529bB39Fe1748630C42722CE0c0A0,10
0xa1AA0086270c11FaA5fEa73C97eA774fA2061927,10
0x958c81d7960edf73F3104a99C1AA0990f88F4ec9,10
0xB11787b671b59bA7FC808F306cc13BB3beD60Cc4,10
0x22D16a2db1655b4C3Bb1619c51c81612220022E1,10
0x3bc34777776b0E909A44aDc1faAE5d41780E14eC,10
0x27460159CB12A3b56935a1c36dD76de6d09628D8,10
0x40c9abC17DFD2E0815bd86B57a872Ad1698B71Cf,10
0xfF068Ec86c2C511D909ccb55985707B49Eb4180E,10
0xa859eA34ddfd01b078D016CbC6728D7bae0A13F2,10
0x3cABd4492887e357b4b983Dc4976298b5184A583,10
0x518c3cAfaC895bFe7D8B66918F5242bC97882bBC,10
0xdf58426BC2fC3777A52b979C87F74e5baE888888,10
0x56133d0D3e0dae627Ea03165Adce111239218Fc5,10
0x4331417447420195EaB77F3c022B150fE652eFB7,10
0x01581F1dF7A8196098f688580C7353cc11044B32,10
0xe93eC6F690a46842D23989174A1A00Dc5FED5DD6,10
0x1f372926866061f64B457B5c0242Af2E1C6D052c,10
0xF954968ADD1B7491D7f34eE88d617210157373C2,10
0xb07c24112ADcEB9C09F57125f9Bf2b0da14725e6,10
0x6954f7ADd88b0c0a2761A5DD0a56913df88894C8,10
0xBb6c06A07Ec1F70dBbeAD35D710773091ada21eF,10
0x6E59DAE8224edD130d877b1aa39343c9aB8AABF9,10
0x0694b1261609216E097EA47583A1E50906D561a9,10
0x80e5Ab3A1C302beA4F6a85cf1f042634A07f19D5,10
0xB4F636737Abc0F8d04Bc32bc0A920AbF8d56cEe9,10
0x1413F14eF189685811abaC45114Aa81f7fc9B160,10
0xe5c460eAa978521E9351Da1Eb7602A94bD3C3c52,10
0xAC4898bc42789D2258F635e5A670398a0D6b5259,10
0x8239107d71Dba43971E86A5a6848b7FaA4587c44,10
0xa372f24D955e3786cF5178e5c481F427caD95d6D,10
0x34fc4134Dc4956955164d8f7Ec08d0f78955ac00,10
0xD106CA85e27365b2862984C17915e378c34b4B45,10
0xd4695e11bB4DD1efcCf115c11aCE02fC4c9450a8,10
0xfb0184ccfE2ef151cE05dfa92aCab85E5C41C730,10
0x0A3bf896D79121925E672dAe347360Ceed22C265,10
0x5d3a4242f7a28fCAE519651b4CE4331c172E7b29,10
0xf5ffB26AFBdb4a16f0812908c7863677174DE5fe,10
0x7aDE3A020F8a9235a98A480e13c2e637E6e60bB8,10
0xf19fC0711d399d0ef8fd9C409Bb197e0E011424A,10
0x4F7D9eBe792cb4F4729dE9328A8889c1E49B37B0,10
0xB2A5f9d2c24F6674bdDcc3c90922f5C9DB8134Fb,10
0x5716c9b01Cb5E3Ef5322cD8F5014c9eAE589927B,10
0x7D24148Ef70Be6E5b52f8665D84432B81b0a8b57,10
0x909d3C000baa83a64811eC0f41da55ec0EbB8A67,10
0xB57d6e248f0Cc14B90659EFEA2931497DF3EAe89,10
0x7Dd1D7aEbb946ca66710323001f3aa3675415bcE,10
0xC3e7B535d588c381c6e4782822aC3d9EcF025dbB,10
0xC7d75cCDAD8C368382e490FFd64B7ee2c2a0BB62,10
0xe3Cf3f92A8b5cFF3f0358347395E5FC41a362de8,10
0x6e7A99BD5B2A2ee12D2AA9317b6400f7Ae369d3c,10
0xcc2915D49C21437985d380d8884F0105456458D2,10
0xb3d00071ACaE3B256d415DeB44976f244488E931,10
0x1CCD8Ff59612D4108d9BbE5F16ADd545EFC6Fdbe,10
0x064CEfC6977AEe44B2eEf463ae6EEa692bC5d1aA,10
0x207E92F4d3853682F860d560eB5Eee3Af43f47b5,10
0xc4891831DF9637609e2881FD9f8937Aa1a795Ae0,10
0xBCC1Dc2a559842dca1Ebac70B37CD3a411efF512,10
0xA22BCe5a3CB160399bD30E74D5e8B16D3C0c2d6B,10
0x0f55D1daA335384668b37fcdE3F3cED930f91C66,10
0x6B3cc5596E05b2e8D755Cc0cF54073790D584Caf,10
0xd8fb69415FE5d36C936d83F6E245Ee9f20273561,10
0x333678932cF1127EFdA451caE02A0c8c73c3E7D3,10
0x9B921faD875b06183d3992A125026c89915D71F6,10
0xdAE86890864f157e5860569d7551A6A9EBC8B9b7,10
0xDFd0171884d1b7173dB99107779a9978bc4b859d,10
0x25E04a1b0f44A4C3C89fedcc0c0f17E3476c21fb,10
0x0b5C3916D9C75764D783d269989175fb248C88B2,10
0x3d28380B1f4F1e81d165e579F1863FCEC3FD234B,10
0x19b022ac00C6EC27d40328b92B537E02Bc0D923d,10
0x14fC6aBe2C235259858c43Bc48C2aCEe398e2E7f,10
0x4d19E7863D52D0688785580B4a4C88a004e32F47,10
0x73E90546FddCe264c7341BEeDB77649610363260,10
0x49E496821Ce65152A545B363f01d42Df56b31a47,10
0xC381C44F2a5db043269F6859E21bE927372548c3,10
0xB4F636737Abc0F8d04Bc32bc0A920AbF8d56cEe9,10
0xeD54869873A58df27D5Fa6BDBC39CffA38e6740d,10
0x36f2deE32ee922E600FA2e691303c4008b68cACE,10
0xB0920227B49a43EC7259bF070a1fC3E52c56084D,10
0x08d3B5333384c432E9115D0CCdB672adb8f3378d,10
0x49E496821Ce65152A545B363f01d42Df56b31a47,10
0xC381C44F2a5db043269F6859E21bE927372548c3,10
0xB4F636737Abc0F8d04Bc32bc0A920AbF8d56cEe9,10
0xeD54869873A58df27D5Fa6BDBC39CffA38e6740d,10
0x36f2deE32ee922E600FA2e691303c4008b68cACE,10
0xB0920227B49a43EC7259bF070a1fC3E52c56084D,10
0x08d3B5333384c432E9115D0CCdB672adb8f3378d,10
0x36EE2bC3A3946AD24e88f1c8faF76520Ce7382fb,10
0x0606bc4e4DC0Aea7A321fa95bB07a0aeacAbA794,10
0x9f8d6Acc821F0de7F6Bdcc473f1BD0D65Da8556b,10
0x7a78a7F845bc2Aa46Ee24790b79158Eeed56C871,10
0x6dBB8109B561F87DB656C918C86b51Da0661956D,10
0x34d4075D46291e0B5C673cC58a96a6602e94ce08,10
0xf17668Ff22c63E63475D5f7DbDf7585D51E52c76,10
0xF92Db1Ae15506324F66717defA0f84De8Fac5b0e,10
0xa344C1401D8fdEC5F842E07a488006c6ec6A26b9,10
0x807b755d5374769dD5282a05ebAcA84CA70aF607,10
0xBCf04FbE4d64645a041a5539320475BeDF9150a7,10
0x20bA9d5D18bC0D0CECa75D670184D134b3B2337c,10
0xd58891152E0F481dB854722a564D0aa9A7f22Ba4,10
0x2Fe09e93aCbB8B0dA86C394335b8A92d3f5E273e,10
0x380513E6C35180c285aEB33842110d43C7b8c844,10
0xB5d6CdEc20963882A0d3DEF5a60AfD3223eC48c4,10
0x21382382af219F8b50d728489472242222396Ce3,10
0xD5E0eF8a3Bb592dc9C72e5aF9c1072dF48eb049f,10
0xe6a2ea81b45d2bDFBF763339Cae6315856D71589,10
0xC381C44F2a5db043269F6859E21bE927372548c3,10
0xF30d9c2D612B4e2028EEDd87E0DABfA88079F35f,10
0xD922Cda1F84e1FdB1F08e2f41ECaF08229965ad0,10
0x83E7322328d902940c490634396860d875E448C2,10
0x9b8c55E8f77618013fBA3Aca621E128593d8b96d,10
0x8bD8b6d135925b4A51F86324AC78361f12064606,10
0xb29fC57A24fB71BC9ef194Ef4dD7461F22366a43,10
0xfc0409d6ba7B670Cfa8bd5B55577106534350626,10
0xCFeD01b111deaCa96d9595F9530fFf2722E77E43,10
0xd2cbB2EfC68c8F7819807EAe033CD5c84Af8e235,10
0x88896886F994dEf40213EA82af840c32B8b1942c,10
0x82047363d3Fe054DFb6B9c8aF689090fCD822527,10
0x9DEC4b2816eAa9A3793a634f0ad046bAE8a4c12d,10
0x9b30264b825c35DDba05b50dDf9cE4706776CB20,10
0x4f0561ef71104275Ba0e98ea6a5a05a39c36885c,10
0xC57b1f6d9b66d528aF1cD2D0a7a2FFA389CD3A10,10
0x11ef37503e79b092a6B33EF55EBf6b08f9511Fed,10
0xd099CD21055BE0De9EfefADe7BFB5Acb3d74C7a4,10
0x55A77770FbB3FB0F74E16790A6d30986a40D3095,10
0x6dceFd396A949a75B3a646B608EDDC7c325b818D,10
0xa7A0d4b3f8c2fFD7535f224E55F568DB623C5B47,10
0x07cE5Db5F75E58d657926B636b9aD3e3869C91B4,10
0xB6e531870b35e468138047f15E98C20AB8a83e6c,10
0x19FD837ab61844684e6f5cB1CE5044e9cEf8Da10,10
0xF508c2be6C8b5f10a6ea4637332EC9E3270A6fD0,10
0xEe14618D37410DBcbA1ea5F999B76420C51d5194,10
0x23d956C1608993222C2032e1fC97796A82632445,10
0x8818bacF59c76cb99892887812bd2c2b34d243A4,10
0x83771c019a51462a3407C54345A02Dc8c6A85108,10
0x7dF6c061C4BA0bA7ab4F143E1f51AD080E7890b4,10
0xa50FF6aD20aDC10998e33F52b63d71f26C34874A,10
0x3B0fD40DD4a6360bDB52f40F8E4C044CD6AfdbCf,10
0x32ECBCbaBaE00325B7F286427716ecA0BeDDA547,10
0x9Fd46E6baC7764732411fBBE42f4FF209b750E87,10
0x6b5033404d40fDcEaAA843CFdE12EADD5FbFF0bb,10
0x7b65E9a5C8f5B788D487A227039c8Dc51bFf6e33,10
0x603a59c8e44bba7635FB8BEA59EaB53106865d89,10
0x6c0dd723C097425FA56474920385caC75FE02AC7,10
0xE10985548E2B45724F2304428FB0B8f644C45206,10
0xB2Bf09b4451926e39D81Ff82C34fB1f30Ef310eF,10
0xBec7d8Dd8F5B917FE82BE1A6B657C32808693D95,10
0x1D98Cdc299253Aa43d4806AD6D46205ded44bC4e,10
0x2df88836C8f262f20B5DC7f29A7ff2d2cA2f2D3B,10
0x71004384C6dC48bc125Cc639D9e3aed90f8fb335,10
0xddFD07Ee29bE6459876d24Bfc1bFd9fd6FAe11D2,10
0x71164d7e34b9e0290E9ef77177d27E32E8beB711,10
0xb1eDca52a6eafb287E591bbDCEeA3D5aeb886497,10
0x59DF783827f9a7CC109d5D7A133D47Af654C36f6,10
0xDDffE03665d437D2a247C7eAE9E55fBD53B0bFd6,10
0x7aa7143d4255f6e8e3942f532BC9f6834FCf2729,10
0x4b4c2C5ab96C83110b46ec51714997709eF81B86,10
0xBa7b111F469d49d6ff9F08b48bA5BAEE5581A187,10
0xfB7C059faBc50876cBd5c8eFca47c779F0B2984D,10
0x9113bF8e8cFDBF03973aC33a4579a349Fad7770c,10
0xBE77e495A6C890D651713f004E5e577e68385498,10
0x7446765f950529bB39Fe1748630C42722CE0c0A0,10
0xa1AA0086270c11FaA5fEa73C97eA774fA2061927,10
0x958c81d7960edf73F3104a99C1AA0990f88F4ec9,10
0xB11787b671b59bA7FC808F306cc13BB3beD60Cc4,10
0x22D16a2db1655b4C3Bb1619c51c81612220022E1,10
0x3bc34777776b0E909A44aDc1faAE5d41780E14eC,10
0x27460159CB12A3b56935a1c36dD76de6d09628D8,10
0x40c9abC17DFD2E0815bd86B57a872Ad1698B71Cf,10
0xfF068Ec86c2C511D909ccb55985707B49Eb4180E,10
0xa859eA34ddfd01b078D016CbC6728D7bae0A13F2,10
0x3cABd4492887e357b4b983Dc4976298b5184A583,10
0x518c3cAfaC895bFe7D8B66918F5242bC97882bBC,10
0xdf58426BC2fC3777A52b979C87F74e5baE888888,10
0x56133d0D3e0dae627Ea03165Adce111239218Fc5,10
0x4331417447420195EaB77F3c022B150fE652eFB7,10
0x01581F1dF7A8196098f688580C7353cc11044B32,10
0xe93eC6F690a46842D23989174A1A00Dc5FED5DD6,10
0x1f372926866061f64B457B5c0242Af2E1C6D052c,10
0xF954968ADD1B7491D7f34eE88d617210157373C2,10
0xb07c24112ADcEB9C09F57125f9Bf2b0da14725e6,10
0x6954f7ADd88b0c0a2761A5DD0a56913df88894C8,10
0xBb6c06A07Ec1F70dBbeAD35D710773091ada21eF,10
0x6E59DAE8224edD130d877b1aa39343c9aB8AABF9,10
0x0694b1261609216E097EA47583A1E50906D561a9,10
0x80e5Ab3A1C302beA4F6a85cf1f042634A07f19D5,10
0xB4F636737Abc0F8d04Bc32bc0A920AbF8d56cEe9,10
0x1413F14eF189685811abaC45114Aa81f7fc9B160,10
0xe5c460eAa978521E9351Da1Eb7602A94bD3C3c52,10
0xAC4898bc42789D2258F635e5A670398a0D6b5259,10
0x8239107d71Dba43971E86A5a6848b7FaA4587c44,10
0xa372f24D955e3786cF5178e5c481F427caD95d6D,10
0x34fc4134Dc4956955164d8f7Ec08d0f78955ac00,10
0xD106CA85e27365b2862984C17915e378c34b4B45,10
0xd4695e11bB4DD1efcCf115c11aCE02fC4c9450a8,10
0xfb0184ccfE2ef151cE05dfa92aCab85E5C41C730,10
0x0A3bf896D79121925E672dAe347360Ceed22C265,10
0x5d3a4242f7a28fCAE519651b4CE4331c172E7b29,10
0xf5ffB26AFBdb4a16f0812908c7863677174DE5fe,10
0x7aDE3A020F8a9235a98A480e13c2e637E6e60bB8,10
0xf19fC0711d399d0ef8fd9C409Bb197e0E011424A,10
0x4F7D9eBe792cb4F4729dE9328A8889c1E49B37B0,10
0xB2A5f9d2c24F6674bdDcc3c90922f5C9DB8134Fb,10
0x5716c9b01Cb5E3Ef5322cD8F5014c9eAE589927B,10
0x7D24148Ef70Be6E5b52f8665D84432B81b0a8b57,10
0x909d3C000baa83a64811eC0f41da55ec0EbB8A67,10
0xB57d6e248f0Cc14B90659EFEA2931497DF3EAe89,10
0x7Dd1D7aEbb946ca66710323001f3aa3675415bcE,10
0xC3e7B535d588c381c6e4782822aC3d9EcF025dbB,10
0xC7d75cCDAD8C368382e490FFd64B7ee2c2a0BB62,10
0xe3Cf3f92A8b5cFF3f0358347395E5FC41a362de8,10
0x6e7A99BD5B2A2ee12D2AA9317b6400f7Ae369d3c,10
0xcc2915D49C21437985d380d8884F0105456458D2,10
0xb3d00071ACaE3B256d415DeB44976f244488E931,10
0x1CCD8Ff59612D4108d9BbE5F16ADd545EFC6Fdbe,10
0x064CEfC6977AEe44B2eEf463ae6EEa692bC5d1aA,10
0x207E92F4d3853682F860d560eB5Eee3Af43f47b5,10
0xc4891831DF9637609e2881FD9f8937Aa1a795Ae0,10
0xBCC1Dc2a559842dca1Ebac70B37CD3a411efF512,10
0xA22BCe5a3CB160399bD30E74D5e8B16D3C0c2d6B,10
0x0f55D1daA335384668b37fcdE3F3cED930f91C66,10
0x6B3cc5596E05b2e8D755Cc0cF54073790D584Caf,10
0xd8fb69415FE5d36C936d83F6E245Ee9f20273561,10
0x333678932cF1127EFdA451caE02A0c8c73c3E7D3,10
0x9B921faD875b06183d3992A125026c89915D71F6,10
0xdAE86890864f157e5860569d7551A6A9EBC8B9b7,10
0xDFd0171884d1b7173dB99107779a9978bc4b859d,10
0x25E04a1b0f44A4C3C89fedcc0c0f17E3476c21fb,10
0x0b5C3916D9C75764D783d269989175fb248C88B2,10
0x3d28380B1f4F1e81d165e579F1863FCEC3FD234B,10
0x19b022ac00C6EC27d40328b92B537E02Bc0D923d,10
0x14fC6aBe2C235259858c43Bc48C2aCEe398e2E7f,10
0x4d19E7863D52D0688785580B4a4C88a004e32F47,10
0x73E90546FddCe264c7341BEeDB77649610363260,10
0x49E496821Ce65152A545B363f01d42Df56b31a47,10
0xC381C44F2a5db043269F6859E21bE927372548c3,10
0xB4F636737Abc0F8d04Bc32bc0A920AbF8d56cEe9,10
0xeD54869873A58df27D5Fa6BDBC39CffA38e6740d,10
0x36f2deE32ee922E600FA2e691303c4008b68cACE,10
0xB0920227B49a43EC7259bF070a1fC3E52c56084D,10
0x08d3B5333384c432E9115D0CCdB672adb8f3378d,10
0xDd1444397d3c68C0CF55aAbdFa1Daf040200Bc46,10